status,target,slug,title,kind,notion_id,source,chars,images,external_links,first_link
ask,,,Bauzin Works for Saxophone,not linked from Home,71a2d7e098184fedb276494dc865f9e0,./Bauzin Works for Saxophone 71a2d7e098184fedb276494dc865f9e0.md,511,0,5,http://murphymusicpress.com/products/u-117
ask,,,Benco Dental Clear EVA sheets .120,not linked from Home,685b26f5882d4301aa79c3bd7cdca36c,Saxophone Case Materials Shopping List/Benco Dental Clear EVA sheets 120 685b26f5882d4301aa79c3bd7cdca36c.md,319,0,0,
ask,,,Bessie’s Blues,not linked from Home,78b84b635e854fe298b3b37f14cc58d8,Jazz Tunes/Bessie’s Blues 78b84b635e854fe298b3b37f14cc58d8.md,392,0,3,https://www.youtube.com/watch?v=HwrFVhDsy8w
ask,,,Blues in the Closet,not linked from Home,f334beeb8401487d8360d7f71c5c0479,Jazz Tunes/Blues in the Closet f334beeb8401487d8360d7f71c5c0479.md,295,0,2,https://www.youtube.com/watch?v=LO7nmnQr3n8
ask,,,C Jam Blues,not linked from Home,99d8473d16034d8eb58dd22bcc740c70,Jazz Tunes/C Jam Blues 99d8473d16034d8eb58dd22bcc740c70.md,267,0,2,https://youtu.be/LAOAC2aRKe8
ask,,,Chant du Ménestrel Op.71 chez I.M.D. Arpèges - Espace Vandoren Partitions,not linked from Home,52cef59f06d148e4942504c0fff79e8e,My Saxophone Links/Chant du Ménestrel Op 71 chez I M D Arpèges - Espa 52cef59f06d148e4942504c0fff79e8e.md,326,1,0,
ask,,,Every Sax Case Needs,not linked from Home,bd4b2f301855489196a8f3e71dc07e40,./Every Sax Case Needs bd4b2f301855489196a8f3e71dc07e40.md,2194,0,7,https://www.amazon.com/Skog-Bands-Rubber-Survival-Supply/dp/B08MVJ2X8W
ask,,,FIXITOK 18 Piece Screwdriver Set,not linked from Home,1c94a387a0554d0cbe7b2467afd8ae02,Saxophone Case Materials Shopping List/FIXITOK 18 Piece Screwdriver Set 1c94a387a0554d0cbe7b2467afd8ae02.md,371,0,0,
ask,,,"Fantasea Fine Mist Spray Bottle, 2.5 Ounce",not linked from Home,84c5c76018e241d9ade6487f7636f0e6,"Saxophone Case Materials Shopping List/Fantasea Fine Mist Spray Bottle, 2 5 Ounce 84c5c76018e241d9ade6487f7636f0e6.md",223,0,0,
ask,,,Hercules Tenor Saxophone Stand (DS432B),not linked from Home,a9eaf90a8642412e91852a00049f085e,Saxophone Case Materials Shopping List/Hercules Tenor Saxophone Stand (DS432B) a9eaf90a8642412e91852a00049f085e.md,522,0,0,
ask,,,Hodge Saxophone/Clarinet Reed Case,not linked from Home,87674008dee24d2c9a6f262145ce9d05,Saxophone Case Materials Shopping List/Hodge Saxophone Clarinet Reed Case 87674008dee24d2c9a6f262145ce9d05.md,733,0,1,https://www.amazon.com/DAddario-Woodwinds-RVCASE04-Multi-Instrument-Reeds-Maintains/dp/B001SN7VGO/ref=sr_1_1_sspa?dchild=1&keywords=tenor+reed+case&qid=1625516458&sr=8-1-spons&psc=1&spLa=ZW5jcnlwdGVkUXVhbGlmaWVyPUExVkdGT0NJRVBDQk1HJmVuY3J5cHRlZElkPUEwNjgzODYxM0NCRFgyMzBPUVg4USZlbmNyeXB0ZWRBZElkPUEwMDg2OTg1MUdMMUVSSURBNFpaQiZ3aWRnZXROYW1lPXNwX2F0ZiZhY3Rpb249Y2xpY2tSZWRpcmVjdCZkb05vdExvZ0NsaWNrPXRydWU=
ask,,,"Intro To Jazz Improvisation: Class Schedule – Earl MacDonald – Composer, Jazz Pianist, Music Educator",not linked from Home,ff01c488e4fd4465a2389f864bcc9fff,My Saxophone Links/Intro To Jazz Improvisation Class Schedule – Earl  ff01c488e4fd4465a2389f864bcc9fff.md,14464,1,79,https://www.earlmacdonald.com/jazz-piano-lessons/triads-and-7th-chords/
ask,,,Jazz Conception,not linked from Home,4769e13f8b034048b4c1e7a3a3870c22,Jazz Tunes/Jazz Conception 4769e13f8b034048b4c1e7a3a3870c22.md,426,0,2,https://www.sheetmusicplus.com/en/product/jazz-conception-alto-baritone-saxophone-20106466.html?aff_id=426309
ask,,,Jazz Standards,not linked from Home,d51993dc492545f9aaa2f771361183af,./Jazz Standards d51993dc492545f9aaa2f771361183af.md,3812,0,1,https://tamingthesaxophone.com/theory/impro/jazz-repertoire
ask,,,Jazz Tunes,not linked from Home,1d95a3ec532180469a62faa5d3217cdc,./Jazz Tunes 1d95a3ec532180469a62faa5d3217cdc.md,83,0,0,
ask,,,K&M Stands 14365 Tenor Saxophone Stand,not linked from Home,a20d9c24c0994fe2a754d74fabb5b72b,Saxophone Case Materials Shopping List/Hercules Tenor Saxophone Stand (DS432B)/K&M Stands 14365 Tenor Saxophone Stand a20d9c24c0994fe2a754d74fabb5b72b.md,40,0,0,
ask,,,Klein Tools 32581 Precision Screwdriver Set,not linked from Home,b78e68021d80459b82e004d9c0a87cb8,Saxophone Case Materials Shopping List/Klein Tools 32581 Precision Screwdriver Set b78e68021d80459b82e004d9c0a87cb8.md,453,0,0,
ask,,,My Saxophone Links,not linked from Home,cacd59b116f14d18a5ecfdca0c002e6c,./My Saxophone Links cacd59b116f14d18a5ecfdca0c002e6c.md,109,0,0,
ask,,,Nicolas Trefeil - Alto sax player's setup,not linked from Home,b90e4288de0442cc9ab5c5289cbc4b21,My Saxophone Links/Nicolas Trefeil - Alto sax player's setup b90e4288de0442cc9ab5c5289cbc4b21.md,135,0,0,
ask,,,Now’s The Time,not linked from Home,4c39aaf652c641f6b5f39dbbac02495d,Jazz Tunes/Now’s The Time 4c39aaf652c641f6b5f39dbbac02495d.md,104,0,1,https://youtu.be/wA388JNNK0U
ask,,,Oval Rubber Coin Purse (for holding teeth guards),not linked from Home,8f352b78fa644d7c9227f31d5ede29a9,Saxophone Case Materials Shopping List/Oval Rubber Coin Purse (for holding teeth guards) 8f352b78fa644d7c9227f31d5ede29a9.md,337,0,0,
ask,,,Program Notes for Hamiltonian Cycle: Saxophone by Robert Morris,unclassified,81cd1c1b0ac4424eac40c74dca998cc1,./Program Notes for Hamiltonian Cycle Saxophone by R 81cd1c1b0ac4424eac40c74dca998cc1.md,2361,0,0,
ask,,,Resources,not linked from Home,b3f1db194ed946468824057b59bb27cb,./Resources b3f1db194ed946468824057b59bb27cb.md,721,0,1,https://www.prestomusic.com/sheet-music/search?instrument=1578&search_query=Francois%20Rosse&size=10&view=large&sort=relevance
ask,,,Rosenberg's Required Saxophone Repertoire,not linked from Home,cf646d9e508947579d425a20ed6bf0fd,./Rosenberg's Required Saxophone Repertoire cf646d9e508947579d425a20ed6bf0fd.md,1848,0,0,
ask,,,Saxophone Case Materials Shopping List,not linked from Home,590a242fb4274695b07f48f7dd39ec13,./Saxophone Case Materials Shopping List 590a242fb4274695b07f48f7dd39ec13.md,238,0,0,
ask,,,Silverstein OmniPatch,not linked from Home,ff5a929832f24380b27454c20c8a8793,Saxophone Case Materials Shopping List/Silverstein OmniPatch ff5a929832f24380b27454c20c8a8793.md,223,0,0,
ask,,,Skog Bands,not linked from Home,0cee021a563c4c1994c4cf2b3a85ebc5,Saxophone Case Materials Shopping List/Skog Bands 0cee021a563c4c1994c4cf2b3a85ebc5.md,216,0,0,
ask,,,Spit Sponge,not linked from Home,e7e091882cc44ed0857531959623461c,Saxophone Case Materials Shopping List/Spit Sponge e7e091882cc44ed0857531959623461c.md,226,0,0,
ask,,,Sterisol Germicide Concentrate,not linked from Home,92b70ccccdf74bd48ddfa52ec6f6ac3e,Saxophone Case Materials Shopping List/Sterisol Germicide Concentrate 92b70ccccdf74bd48ddfa52ec6f6ac3e.md,245,0,0,
ask,,,Steve Neff’s Real Book,not linked from Home,22ef555dd5544e879c1ae46a835e7b70,./Steve Neff’s Real Book 22ef555dd5544e879c1ae46a835e7b70.md,9007,0,1,https://www.neffmusic.com:443/blog/2012/09/steves-ultimate-real-book/
ask,,,Sticky Pads | The Woodwind Forum,not linked from Home,574420c02e6340488f9e2feabe248529,Resources/Sticky Pads The Woodwind Forum 574420c02e6340488f9e2feabe248529.md,2327,0,1,https://www.woodwindforum.com/forum/index.php?threads/sticky-pads.21991/
ask,,,Straight No Chaser,not linked from Home,342b1253e8d34de5980b56732ad9e2eb,Jazz Tunes/Straight No Chaser 342b1253e8d34de5980b56732ad9e2eb.md,305,0,2,https://odesli.co/embed/?url=https%3A%2F%2Fsong.link%2Fi%2F268557511&theme=light
ask,,,Takemitsu's Distance,not linked from Home,2057843960664a068e28096b882478f1,Resources/Takemitsu's Distance 2057843960664a068e28096b882478f1.md,4951,1,1,http://saxophonemes.fr/eng.saxophonemes.fr/Takemitsus_Distance.html
ask,,,Tenor Madness,not linked from Home,df0daf3e4d844ad7903e9e1a630f8021,Jazz Tunes/Tenor Madness df0daf3e4d844ad7903e9e1a630f8021.md,270,0,2,https://youtu.be/7SaIuR4K2O0
ask,,,The Blues Walk,not linked from Home,4f520ecdf2774ee79e95a7d97161064d,Jazz Tunes/The Blues Walk 4f520ecdf2774ee79e95a7d97161064d.md,108,0,1,https://www.youtube.com/watch?v=RAY38Xlylbc
ask,,,Vent Vine,not linked from Home,4095c25f5980427dad9cd14310faa4eb,My Saxophone Links/Vent Vine 4095c25f5980427dad9cd14310faa4eb.md,157,0,0,
ask,,,Venture Woodwind Mouthpiece Brush,not linked from Home,d32cb2537d3b403392fddbe670656575,Saxophone Case Materials Shopping List/Venture Woodwind Mouthpiece Brush d32cb2537d3b403392fddbe670656575.md,245,0,0,
ask,,,Vibrato Examples,not linked from Home,4f8e6b5e516c478d9659e586f372f5e7,./Vibrato Examples 4f8e6b5e516c478d9659e586f372f5e7.md,301,3,0,
ask,,,"lefreQue, Sound Bridge",not linked from Home,4c8e42f41b1540edab83aaa0dae1e9e8,"My Saxophone Links/lefreQue, Sound Bridge 4c8e42f41b1540edab83aaa0dae1e9e8.md",1894,1,0,
import,/curriculum/,,Saxophone Curriculum,curriculum,292439ed4a7543adaa69687b24555949,Home/Saxophone Curriculum 292439ed4a7543adaa69687b24555949.md,11369,0,49,https://www.notion.so/saxowiki/The-Scale-Series-f9f85d0fb4ad408abe282b12902b0db4#b40d82495ad84fdea61e4c5154c6b6e7
import,/curriculum/first-year-alto-saxophone/,first-year-alto-saxophone,First Year: Alto Saxophone,curriculum,3306816ab8784122a71c033bdddc0cb8,Home/Saxophone Curriculum/First Year Alto Saxophone 3306816ab8784122a71c033bdddc0cb8.md,4713,0,0,
import,/curriculum/first-year-tenor-saxophone/,first-year-tenor-saxophone,First Year: Tenor Saxophone,curriculum,c5fc566daae344d7a01d99b0098157ff,Home/Saxophone Curriculum/First Year Tenor Saxophone c5fc566daae344d7a01d99b0098157ff.md,2927,0,0,
import,/curriculum/junior-year-alto-saxophone/,junior-year-alto-saxophone,Junior Year: Alto Saxophone,curriculum,dd1393aa82d744428e0c9858ace52abc,Home/Saxophone Curriculum/Junior Year Alto Saxophone dd1393aa82d744428e0c9858ace52abc.md,6491,0,0,
import,/curriculum/junior-year-jazz-studies/,junior-year-jazz-studies,Junior Year: Jazz Studies,curriculum,a2b7eab07429404186ec63d9b42ad25e,Home/Saxophone Curriculum/Junior Year Jazz Studies a2b7eab07429404186ec63d9b42ad25e.md,1226,0,0,
import,/curriculum/junior-year-tenor-saxophone/,junior-year-tenor-saxophone,Junior Year: Tenor Saxophone,curriculum,b9906ba212574db4805b088cdc4b0d8b,Home/Saxophone Curriculum/Junior Year Tenor Saxophone b9906ba212574db4805b088cdc4b0d8b.md,4158,0,0,
import,/curriculum/second-year-alto-saxophone/,second-year-alto-saxophone,Second Year: Alto Saxophone,curriculum,99e9eab633764006b0f5b9c1ece2a64d,Home/Saxophone Curriculum/Second Year Alto Saxophone 99e9eab633764006b0f5b9c1ece2a64d.md,2594,0,0,
import,/curriculum/second-year-jazz-materials/,second-year-jazz-materials,Second Year: Jazz Materials,curriculum,17be05817ff74da6a52725b29631a24c,Home/Saxophone Curriculum/Second Year Jazz Materials 17be05817ff74da6a52725b29631a24c.md,3616,0,14,https://www.notion.so/saxowiki/The-Scale-Series-f9f85d0fb4ad408abe282b12902b0db4#b40d82495ad84fdea61e4c5154c6b6e7
import,/curriculum/second-year-tenor-saxophone/,second-year-tenor-saxophone,Second Year: Tenor Saxophone,curriculum,cc5c4c27080b4b3fb92b420e002a741a,Home/Saxophone Curriculum/Second Year Tenor Saxophone cc5c4c27080b4b3fb92b420e002a741a.md,2270,0,0,
import,/curriculum/senior-year-alto-saxophone/,senior-year-alto-saxophone,Senior Year: Alto Saxophone,curriculum,e7b51f484a8b4ef2b95a414d30c10109,Home/Saxophone Curriculum/Senior Year Alto Saxophone e7b51f484a8b4ef2b95a414d30c10109.md,3781,0,0,
import,/curriculum/senior-year-jazz-studies/,senior-year-jazz-studies,Senior Year: Jazz Studies,curriculum,1edfb6af62754c288137d8b0eb9b853f,Home/Saxophone Curriculum/Senior Year Jazz Studies 1edfb6af62754c288137d8b0eb9b853f.md,2377,0,0,
import,/curriculum/senior-year-tenor-saxophone/,senior-year-tenor-saxophone,Senior Year: Tenor Saxophone,curriculum,d86a1e6f21d14e5ca624c2b1804d6b57,Home/Saxophone Curriculum/Senior Year Tenor Saxophone d86a1e6f21d14e5ca624c2b1804d6b57.md,2938,0,0,
import,/lists/colleges/ithaca-college-selected-repertoire-mauk/,ithaca-college-selected-repertoire-mauk,Ithaca College Selected Repertoire (Mauk),college list,de0bfec69b33408ab9c3e2c20083ae48,Home/Ithaca College Selected Repertoire (Mauk) de0bfec69b33408ab9c3e2c20083ae48.md,145,0,0,
import,/lists/colleges/ohio-university-saxophone-repertoire/,ohio-university-saxophone-repertoire,Ohio University Saxophone Repertoire,college list,df43b4bba7be4c77a7d6a1a99ecbb1be,Home/Ohio University Saxophone Repertoire df43b4bba7be4c77a7d6a1a99ecbb1be.md,11951,0,36,https://www.amazon.com/O1718-25-Daily-Exercises-Saxophone/dp/0825811511/ref=sr_1_1?tag=timothyrosenb-20
import,/lists/colleges/ucf-repertoire-lists/,ucf-repertoire-lists,UCF Repertoire Lists,college list,5ec929c59a54427da772a584c9e53515,Home/UCF Repertoire Lists 5ec929c59a54427da772a584c9e53515.md,858,0,0,
import,/lists/colleges/uncg-alto-saxophone-repertoire/,uncg-alto-saxophone-repertoire,UNCG Alto Saxophone Repertoire,college list,4f322831e93442efa08e55986d50b500,Home/UNCG Alto Saxophone Repertoire 4f322831e93442efa08e55986d50b500.md,5867,0,0,
import,/lists/colleges/uncg-tenor-saxophone-repertoire/,uncg-tenor-saxophone-repertoire,UNCG Tenor Saxophone Repertoire,college list,f3ec818bbfc1400bbf4e3e93544714c7,Home/UNCG Tenor Saxophone Repertoire f3ec818bbfc1400bbf4e3e93544714c7.md,1296,0,0,
import,/lists/competitions/2006-adolphe-sax-competition/,2006-adolphe-sax-competition,2006 Adolphe Sax Competition,competition list,00eed2a738474a9eb2061374ab6be3cd,Home/2006 Adolphe Sax Competition 00eed2a738474a9eb2061374ab6be3cd.md,4916,0,0,
import,/lists/competitions/2010-londeix-competition/,2010-londeix-competition,2010 Londeix Competition,competition list,e22d2bce25144378a85c8233fcc0d8f1,Home/2010 Londeix Competition e22d2bce25144378a85c8233fcc0d8f1.md,2853,0,2,http://www.atalpash.ca/purchase.html
import,/lists/competitions/2011-gaudeamus-interpreters-competition/,2011-gaudeamus-interpreters-competition,2011 Gaudeamus Interpreters Competition,competition list,dab3fd8e6ad143bc903466e77eaf637c,Home/2011 Gaudeamus Interpreters Competition dab3fd8e6ad143bc903466e77eaf637c.md,3327,0,0,
import,/lists/competitions/2011-londeix-competition/,2011-londeix-competition,2011 Londeix Competition,competition list,1e01cdb9ae564a23be6b14b3bea25e10,Home/2011 Londeix Competition 1e01cdb9ae564a23be6b14b3bea25e10.md,2909,0,2,http://www.atalpash.ca/purchase.html
import,/lists/competitions/2014-londeix-competition/,2014-londeix-competition,2014 Londeix Competition,competition list,b537337d6cfd497388084f0483c2088b,Home/2014 Londeix Competition b537337d6cfd497388084f0483c2088b.md,3155,0,4,http://www.zimmermann-frankfurt.de/
import,/lists/competitions/2017-londeix-competition/,2017-londeix-competition,2017 Londeix Competition,competition list,aed776718f694452b234dcabcce856b4,Home/2017 Londeix Competition aed776718f694452b234dcabcce856b4.md,8697,0,9,http://www.zimmermann-frankfurt.de/
import,/lists/competitions/2019-adolphe-sax-competition-repertoire-list/,2019-adolphe-sax-competition-repertoire-list,2019 Adolphe Sax Competition Repertoire List,competition list,2f026d655a034c028ec2c96a51f06a43,Home/2019 Adolphe Sax Competition Repertoire List 2f026d655a034c028ec2c96a51f06a43.md,6826,0,1,http://www.jacobtv.net/
import,/lists/competitions/2020-online-saxiana-international-competition/,2020-online-saxiana-international-competition,2020 Online Saxiana International Competition,competition list,80026d0e84294a90b2f30c4c805cf0c2,Home/2020 Online Saxiana International Competition 80026d0e84294a90b2f30c4c805cf0c2.md,502,3,0,
import,/lists/competitions/2022-saxiana-competition/,2022-saxiana-competition,2022 Saxiana Competition,competition list,1a3c4895e40a490badd9aa942e43e8d9,Home/2022 Saxiana Competition 1a3c4895e40a490badd9aa942e43e8d9.md,5166,0,7,https://app.notion.com/p/3883cf57dea14f29a576370d214fb597?pvs=21
import,/lists/competitions/2023-adolphe-sax-competition/,2023-adolphe-sax-competition,2023 Adolphe Sax Competition,competition list,85e52f6a2a894817867dcdf647be2dac,Home/2023 Adolphe Sax Competition 85e52f6a2a894817867dcdf647be2dac.md,4526,1,0,
import,/lists/competitions/2024-andorra-sax-fest-competition/,2024-andorra-sax-fest-competition,2024 Andorra Sax Fest Competition,competition list,fa46af0aabe14d5baa29284df5df00d1,Home/2024 Andorra Sax Fest Competition fa46af0aabe14d5baa29284df5df00d1.md,1530,0,0,
import,/lists/competitions/2024-sax-n-dole-festival-competition/,2024-sax-n-dole-festival-competition,2024 Sax N’ Dole Festival Competition,competition list,0063a10fea404f2b8054946c422c76e0,Home/2024 Sax N’ Dole Festival Competition 0063a10fea404f2b8054946c422c76e0.md,3850,0,0,
import,/lists/programs/2020-nasa-sessions/,2020-nasa-sessions,2020 NASA Sessions,recital program,59531f6b8fec42c3ae845b5f40179230,Home/2020 NASA Sessions 59531f6b8fec42c3ae845b5f40179230.md,4766,0,40,https://asuevents.webapp-eu.eventscloud.com/sessions/view/767658
import,/lists/programs/2021-interlochen-saxophone-recital-program/,2021-interlochen-saxophone-recital-program,2021 Interlochen Saxophone Recital Program,recital program,32656985314f48789d2a1eaaea75f627,Home/2021 Interlochen Saxophone Recital Program 32656985314f48789d2a1eaaea75f627.md,669,0,0,
import,/reading/,,Required Reading for Saxophone Students,reading list,1825a3ec532180d69e74e5d344b43569,./Required Reading for Saxophone Students 1825a3ec532180d69e74e5d344b43569.md,3002,0,2,https://drive.google.com/file/d/1uVsRFN0yTdyckvEe5waRIEPD0eOizObt/view?usp=drivesdk
import,/reading/8-practice-hacks/,8-practice-hacks,8 Practice Hacks by Noa Kageyama,article (check author),98b5e69b6da449e7b93a9be7ae8dbf41,Home/8 Practice Hacks by Noa Kageyama 98b5e69b6da449e7b93a9be7ae8dbf41.md,27881,0,20,http://en.wikipedia.org/wiki/Paul_Kantor
import,/reading/altissimo-crash-course-beginner-through-advanced/,altissimo-crash-course-beginner-through-advanced,Altissimo Crash Course: Beginner through Advanced,article (check author),879f82a1a9854983a6e51170a769c47f,./Altissimo Crash Course Beginner through Advanced 879f82a1a9854983a6e51170a769c47f.md,11837,6,8,http://everythingsaxophone.blogspot.com/2011/06/altissimo-crash-course-beginner-through.html
import,/reading/building-a-saxophone-quartet-library/,building-a-saxophone-quartet-library,Building a Saxophone Quartet Library by Heidi Radtke,article (check author),9824631e23514b80bb14edd59b781951,./Building a Saxophone Quartet Library by Heidi Radt 9824631e23514b80bb14edd59b781951.md,9371,0,1,http://www.watchdogmusic.com/
import,/reading/four-steps-to-musical-maturity/,four-steps-to-musical-maturity,Four Steps to Musical Maturity by Steven Mauk,article (check author),e51f9e3bb84743a58fc581c24b054d9a,Home/Four Steps to Musical Maturity by Steven Mauk e51f9e3bb84743a58fc581c24b054d9a.md,6440,0,0,
import,/reading/how-to-become-a-better-teacher-to-yourself/,how-to-become-a-better-teacher-to-yourself,How to Become a Better Teacher to Yourself by Noa Kageyama,article (check author),90767d810b4549caafb043122a948ba5,./How to Become a Better Teacher to Yourself by Noa  90767d810b4549caafb043122a948ba5.md,15456,0,3,https://bpm-samples.s3.amazonaws.com/Self-Evaluation-Rubric-Bulletproof-Musician.pdf
import,/reading/how-to-fix-green-old-rubber-mouthpieces/,how-to-fix-green-old-rubber-mouthpieces,How To Fix Green & Old Rubber Mouthpieces,article (check author),2dd9ee4ff5084ab08cf2e41f38c1a6b0,./How To Fix Green & Old Rubber Mouthpieces 2dd9ee4ff5084ab08cf2e41f38c1a6b0.md,5878,6,5,https://saxproshop.com/wednesday-wisdom-how-to-fix-green-old-rubber-mouthpieces/
import,/reading/how-to-put-yourself-on-the-path-to-bulletproof-intonation/,how-to-put-yourself-on-the-path-to-bulletproof-intonation,How to Put Yourself on the Path to Bulletproof Intonation,article (check author),848341c400524f3a81aeabb8d51acd7f,./How to Put Yourself on the Path to Bulletproof Int 848341c400524f3a81aeabb8d51acd7f.md,7327,0,3,https://www.bestsaxophonewebsiteever.com/how-to-put-yourself-on-the-path-to-bulletproof-intonation/
import,/reading/introduction-to-saxophone-acoustics/,introduction-to-saxophone-acoustics,Introduction to Saxophone Acoustics,article (check author),d8bf8eb077244aa0b562d41131118143,./Introduction to Saxophone Acoustics d8bf8eb077244aa0b562d41131118143.md,46381,9,110,http://www.phys.unsw.edu.au/jw/saxacoustics.html
import,/reading/jaw-vibrato-exercises/,jaw-vibrato-exercises,Jaw Vibrato Exercises,article (check author),a8be924198a34ab39218d291c9e2a936,./Jaw Vibrato Exercises a8be924198a34ab39218d291c9e2a936.md,3267,2,1,http://www.jazclass.aust.com/saxophone/sax10.htm#02
import,/reading/jazz-practicing-guide/,jazz-practicing-guide,Jazz Practicing Guide by Brent Vaartstra,article (check author),33d65815ec424b11b29fe941bdf8477e,Home/Jazz Practicing Guide by Brent Vaartstra 33d65815ec424b11b29fe941bdf8477e.md,183,0,0,
import,/reading/quality-practice/,quality-practice,Quality Practice by Susan Williams,article (check author),0340fdd3163942858124d6682ee59a33,Home/Quality Practice by Susan Williams 0340fdd3163942858124d6682ee59a33.md,184,0,0,
import,/reading/saxophone-materials-and-finishes-how-each-effects-the-sound/,saxophone-materials-and-finishes-how-each-effects-the-sound,Saxophone Materials and Finishes: How Each Effects the Sound,article (check author),8d367c38cea9444d9c425f6f2663b38f,./Saxophone Materials and Finishes How Each Effects  8d367c38cea9444d9c425f6f2663b38f.md,7650,0,2,http://saxforte.com/saxophones/materials_and_finishes/materials_and_finishes.html
import,/reading/scales-french-style/,scales-french-style,Scales: French Style by Joel Diegert,article (check author),27c0e3f65dc64bd8a7323ddbbb3d9c8f,./Scales French Style by Joel Diegert 27c0e3f65dc64bd8a7323ddbbb3d9c8f.md,12767,0,0,
import,/reading/teaching-students-attention-to-details/,teaching-students-attention-to-details,Teaching Students Attention to Details by Steven Mauk,article (check author),08369715a2984530b645e058a4d4ced2,Home/Teaching Students Attention to Details by Steven M 08369715a2984530b645e058a4d4ced2.md,5692,0,0,
import,/reading/teaching-students-how-to-practice/,teaching-students-how-to-practice,Teaching Students How to Practice by Steven Mauk,article (check author),a5fdb268b35c4d3495ebdeb7623582f4,Home/Teaching Students How to Practice by Steven Mauk a5fdb268b35c4d3495ebdeb7623582f4.md,5613,0,0,
import,/reading/tuning-for-variable-pitch-instruments/,tuning-for-variable-pitch-instruments,Tuning for Variable Pitch Instruments,article (check author),2bd3aefd283c4ab4970424f37336370f,./Tuning for Variable Pitch Instruments 2bd3aefd283c4ab4970424f37336370f.md,7254,0,2,https://www.prestomusic.com/sheet-music/products/7380791--jean-marie-londeix-exercices-dintonation
import,/reading/what-to-buy-a-guide-for-the-beginning-college-saxophonist/,what-to-buy-a-guide-for-the-beginning-college-saxophonist,What to buy? A Guide for the Beginning College Saxophonist,article (check author),ab296b770850448eaa15fa81752665d1,./What to buy A Guide for the Beginning College Saxo ab296b770850448eaa15fa81752665d1.md,15477,0,20,https://www.facebook.com/matt.taylor.j
import,/recordings/,,Required Listening for Saxophone Students,listening list,1825a3ec5321809ba153c478a71b73b6,./Required Listening for Saxophone Students 1825a3ec5321809ba153c478a71b73b6.md,4536,0,43,https://album.link/i/1118489646
import,/recordings/a-la-francaise/,a-la-francaise,A la Française,album,ba26b7539a55458cadb3fd1763c4f290,Home/Saxophone Recordings/A la Française ba26b7539a55458cadb3fd1763c4f290.md,1482,0,0,
import,/recordings/a-saxophone-in-paris-a-k-a-the-classical-saxophone-cd-1/,a-saxophone-in-paris-a-k-a-the-classical-saxophone-cd-1,"A Saxophone in Paris (a.k.a. The Classical Saxophone, CD 1)",album,46c9838d6cba44c6a52a4639f8978091,Home/Saxophone Recordings/A Saxophone in Paris (a k a The Classical Saxophon 46c9838d6cba44c6a52a4639f8978091.md,1474,0,0,
import,/recordings/brahms-clarinet-and-piano-sonata-cello-and-piano-sonata/,brahms-clarinet-and-piano-sonata-cello-and-piano-sonata,Brahms: Clarinet and Piano Sonata & Cello and Piano Sonata,album,1d95a3ec5321802da318e1a0f2e311b2,Home/Saxophone Recordings/Brahms Clarinet and Piano Sonata & Cello and Piano 1d95a3ec5321802da318e1a0f2e311b2.md,858,0,0,
import,/recordings/cafe-1930/,cafe-1930,Café 1930,album,1d95a3ec532180a08aa2dafc80d0ca33,Home/Saxophone Recordings/Café 1930 1d95a3ec532180a08aa2dafc80d0ca33.md,1640,0,0,
import,/recordings/city-noir/,city-noir,City Noir,album,1d95a3ec53218073a887fa2edfd10b8d,Home/Saxophone Recordings/City Noir 1d95a3ec53218073a887fa2edfd10b8d.md,483,0,0,
import,/recordings/classical-bouquet/,classical-bouquet,Classical Bouquet,album,1d95a3ec532180d19201ec2dca901b4f,Home/Saxophone Recordings/Classical Bouquet 1d95a3ec532180d19201ec2dca901b4f.md,1391,0,0,
import,/recordings/david-maslanka-liberation/,david-maslanka-liberation,David Maslanka: Liberation,album,1d95a3ec532180b1addbdcef653bc686,Home/Saxophone Recordings/David Maslanka Liberation 1d95a3ec532180b1addbdcef653bc686.md,392,0,0,
import,/recordings/decruck-albright-michat-ibert-saxophone-sonatas-concertos/,decruck-albright-michat-ibert-saxophone-sonatas-concertos,"Decruck, Albright, Michat & Ibert: Saxophone Sonatas & Concertos",album,0bb6108eb1d64d4e9cad7c3cd90684bc,"Home/Saxophone Recordings/Decruck, Albright, Michat & Ibert Saxophone Sonata 0bb6108eb1d64d4e9cad7c3cd90684bc.md",1202,0,1,https://odesli.co/embed/?url=https%3A%2F%2Falbum.link%2Fi%2F1066525397&theme=light
import,/recordings/devils-rag-a-k-a-the-classical-saxophone-cd-2/,devils-rag-a-k-a-the-classical-saxophone-cd-2,"Devil's Rag (a.k.a. The Classical Saxophone, CD 2)",album,3bf614acc3204bb5b9f82fa157de5ee6,"Home/Saxophone Recordings/Devil's Rag (a k a The Classical Saxophone, CD 2) 3bf614acc3204bb5b9f82fa157de5ee6.md",2662,0,0,
import,/recordings/die-heldenzeit/,die-heldenzeit,Die Heldenzeit,album,1d95a3ec532180e88155d98eb8f732ae,Home/Saxophone Recordings/Die Heldenzeit 1d95a3ec532180e88155d98eb8f732ae.md,784,0,0,
import,/recordings/duo-vivo/,duo-vivo,Duo Vivo,album,1d95a3ec5321809ab355d982d72999a6,Home/Saxophone Recordings/Duo Vivo 1d95a3ec5321809ab355d982d72999a6.md,1078,0,0,
import,/recordings/exhibition-of-saxophone/,exhibition-of-saxophone,Exhibition of Saxophone,album,86e253f77dca4a24b93f780d40f777d1,Home/Saxophone Recordings/Exhibition of Saxophone 86e253f77dca4a24b93f780d40f777d1.md,3539,0,0,
import,/recordings/fantasy/,fantasy,Fantasy,album,00ef3c9376374222a8bb7a6830656974,Home/Saxophone Recordings/Fantasy 00ef3c9376374222a8bb7a6830656974.md,1209,0,0,
import,/recordings/fuzzy-bird-saxophone-recital/,fuzzy-bird-saxophone-recital,Fuzzy Bird Saxophone Recital,album,1d95a3ec532180e3821ee2194ecc8297,Home/Saxophone Recordings/Fuzzy Bird Saxophone Recital 1d95a3ec532180e3821ee2194ecc8297.md,874,0,0,
import,/recordings/gradient/,gradient,Gradient,album,1da5a3ec53218038bc4ee33d6450605c,Home/Saxophone Recordings/Gradient 1da5a3ec53218038bc4ee33d6450605c.md,1310,0,0,
import,/recordings/heroines/,heroines,Héroines,album,69df2d19063942e2bcddda0eac14e1f0,Home/Saxophone Recordings/Héroines 69df2d19063942e2bcddda0eac14e1f0.md,1173,0,0,
import,/recordings/interplay/,interplay,Interplay,album,1d95a3ec5321807bb438df480761cc38,Home/Saxophone Recordings/Interplay 1d95a3ec5321807bb438df480761cc38.md,1222,0,1,https://open.spotify.com/album/6Ikozo4tIc4u587OPSMY4p?si=NoBJ0a9xSfCh9FDfGnhUZQ
import,/recordings/la-creation-du-monde/,la-creation-du-monde,La création du monde,album,b9c0cf1c61bb409db7fc9bc8af31a4db,Home/Saxophone Recordings/La création du monde b9c0cf1c61bb409db7fc9bc8af31a4db.md,972,0,0,
import,/recordings/listening-list-2019/,listening-list-2019,Listening List 2019,listening list,1e9804d515ee4f0d87919be41da60ea5,Home/Listening List 2019 1e9804d515ee4f0d87919be41da60ea5.md,3953,0,36,https://open.spotify.com/album/6y3sl1gNk9JUlL1CdAQ2AU
import,/recordings/poetics/,poetics,Poetics,album,1da5a3ec532180fba4b5d490f7c77b39,Home/Saxophone Recordings/Poetics 1da5a3ec532180fba4b5d490f7c77b39.md,373,0,0,
import,/recordings/ponder-nothing/,ponder-nothing,Ponder Nothing,album,1da5a3ec532180ff9634ec8021fd598a,Home/Saxophone Recordings/Ponder Nothing 1da5a3ec532180ff9634ec8021fd598a.md,1266,0,0,
import,/recordings/prelude-cadence-et-finale/,prelude-cadence-et-finale,"Prélude, cadence, et finale",album,c8b1ec251ca346c097634b1eb336d3d6,"Home/Saxophone Recordings/Prélude, cadence, et finale c8b1ec251ca346c097634b1eb336d3d6.md",1447,0,0,
import,/recordings/rendez-vous/,rendez-vous,Rendez-Vous,album,1da5a3ec5321804d85f8fd90d950f6c7,Home/Saxophone Recordings/Rendez-Vous 1da5a3ec5321804d85f8fd90d950f6c7.md,971,0,1,https://youtu.be/KS3hNs3pvYQ?list=OLAK5uy_n5kG6XDOdPcroGwVJblyOvj97MfrKwb9E
import,/recordings/romanzen/,romanzen,Romanzen,album,1da5a3ec5321804ba245e15e4bde6bb7,Home/Saxophone Recordings/Romanzen 1da5a3ec5321804ba245e15e4bde6bb7.md,1054,0,0,
import,/recordings/saxiana/,saxiana,Saxiana,album,1da5a3ec5321801a9329f8b6b2af8ed4,Home/Saxophone Recordings/Saxiana 1da5a3ec5321801a9329f8b6b2af8ed4.md,1444,0,0,
import,/recordings/saxophone-for-a-lady/,saxophone-for-a-lady,Saxophone for a Lady,album,43640877c554454e843ccca2cf674507,Home/Saxophone Recordings/Saxophone for a Lady 43640877c554454e843ccca2cf674507.md,1263,0,0,
import,/recordings/saxophone-piano-brahms-franck-and-schumann/,saxophone-piano-brahms-franck-and-schumann,"Saxophone & Piano: Brahms, Franck, and Schumann",album,22c4fbf453e645959ee5ad6122cf0629,"Home/Saxophone Recordings/Saxophone & Piano Brahms, Franck, and Schumann 22c4fbf453e645959ee5ad6122cf0629.md",1203,0,1,https://album.link/i/1118489646
import,/recordings/the-historic-saxophone-music-written-for-and-published-by-adolphe-sax/,the-historic-saxophone-music-written-for-and-published-by-adolphe-sax,The Historic Saxophone: Music Written for and Published By Adolphe Sax,album,7451ea1c306b4606b346089b834f5edd,Home/Saxophone Recordings/The Historic Saxophone Music Written for and Publi 7451ea1c306b4606b346089b834f5edd.md,2732,0,0,
import,/recordings/the-saxophone-music-of-jindrich-feld/,the-saxophone-music-of-jindrich-feld,The Saxophone Music of Jindřich Feld,album,122db609973b4a738b2ffdd04e285f36,Home/Saxophone Recordings/The Saxophone Music of Jindřich Feld 122db609973b4a738b2ffdd04e285f36.md,702,0,0,
import,/recordings/the-snell-sessions/,the-snell-sessions,The Snell Sessions,album,9518b060fa3d4d29a887c32c6d3ee79d,Home/Saxophone Recordings/The Snell Sessions 9518b060fa3d4d29a887c32c6d3ee79d.md,1314,0,0,
import,/recordings/the-solitary-saxophone/,the-solitary-saxophone,The Solitary Saxophone,album,78f055eb8a1643428437e5ac3fedee18,Home/Saxophone Recordings/The Solitary Saxophone 78f055eb8a1643428437e5ac3fedee18.md,1456,0,0,
import,/recordings/under-the-sign-of-the-sun/,under-the-sign-of-the-sun,Under the Sign of the Sun,album,bb3ed25573d049729c934d3187667a4d,Home/Saxophone Recordings/Under the Sign of the Sun bb3ed25573d049729c934d3187667a4d.md,1390,0,0,
import,/resources/altissimo/,,Altissimo Fingering Charts,fingering chart,6eff1ecc76cf4ba5996166d9417c3d52,Home/Altissimo Fingering Charts 6eff1ecc76cf4ba5996166d9417c3d52.md,540,0,0,
import,/resources/altissimo/albright-sonata-altissimo-fingerings/,albright-sonata-altissimo-fingerings,Albright Sonata Altissimo Fingerings,fingering chart,e58d010c595347e48dfcf239cb46acb9,Home/Altissimo Fingering Charts/Albright Sonata Altissimo Fingerings e58d010c595347e48dfcf239cb46acb9.md,1214,0,0,
import,/resources/altissimo/steve-lacys-soprano-altissimo-fingerings/,steve-lacys-soprano-altissimo-fingerings,Steve Lacy’s Soprano Altissimo Fingerings,fingering chart,2165a3ec532180e48342e988a56ad589,Home/Steve Lacy’s Soprano Altissimo Fingerings 2165a3ec532180e48342e988a56ad589.md,174,1,0,
import,/resources/equipment/mouthpieces/,,Saxophone Mouthpieces,equipment,aecdcc5263e14491b31f6b52d9e3e1b2,Home/Saxophone Mouthpieces aecdcc5263e14491b31f6b52d9e3e1b2.md,441,0,0,
import,/resources/equipment/mouthpieces/classical-saxophone-mouthpieces/,classical-saxophone-mouthpieces,Classical Saxophone Mouthpieces,equipment,21d1c019d9f9415b8db078a307aca712,Home/Saxophone Mouthpieces/Classical Saxophone Mouthpieces 21d1c019d9f9415b8db078a307aca712.md,3300,0,20,https://www.meridianwinds.com/shop/c/p/Selmer-S90-Series-Soprano-Saxophone-Mouthpieces-x38304560.htm
import,/resources/equipment/mouthpieces/famous-saxophonists-jazz-mouthpieces/,famous-saxophonists-jazz-mouthpieces,Famous Saxophonist's Jazz Mouthpieces,equipment,faa3f143dbb5429dbb4b075d19efae01,Home/Saxophone Mouthpieces/Famous Saxophonist's Jazz Mouthpieces faa3f143dbb5429dbb4b075d19efae01.md,2075,0,7,http://rafaelnavarro.com/#/tenor/bob-mintzer
import,/resources/equipment/mouthpieces/saxophone-mouthpiece-comparisons/,saxophone-mouthpiece-comparisons,Saxophone Mouthpiece Comparisons,equipment,7867da93eff74f03ae5268eb462084d1,Home/Saxophone Mouthpieces/Saxophone Mouthpiece Comparisons 7867da93eff74f03ae5268eb462084d1.md,1038,0,0,
import,/resources/equipment/reeds/,,Saxophone Reeds,equipment,4bab328d184941f589823b91b2d77e05,Home/Saxophone Reeds 4bab328d184941f589823b91b2d77e05.md,576,0,0,
import,/resources/equipment/reeds/a-method-for-evaluating-reed-cane/,a-method-for-evaluating-reed-cane,A Method for Evaluating Reed Cane by Pete Spitzer,equipment,48803f1ef0a746f7bd6e682e6453254a,Home/Saxophone Reeds/Adjusting Saxophone Reeds/A Method for Evaluating Reed Cane by Pete Spitzer 48803f1ef0a746f7bd6e682e6453254a.md,4622,0,7,https://peterspitzer.blogspot.com/2012/12/a-method-for-evaluating-reed-cane.html
import,/resources/equipment/reeds/adjusting-saxophone-reeds/,adjusting-saxophone-reeds,Adjusting Saxophone Reeds,equipment,c6ecafcd28c2456baeaf916567c87a94,Home/Saxophone Reeds/Adjusting Saxophone Reeds c6ecafcd28c2456baeaf916567c87a94.md,2091,0,4,https://www.youtube.com/watch?v=KFy2B1XI2lQ
import,/resources/equipment/reeds/breaking-in-and-storing-reeds/,breaking-in-and-storing-reeds,Breaking in and Storing Reeds,equipment,a0e348b0c3ab49b4a0f03c1bc74db78f,Home/Saxophone Reeds/Breaking in and Storing Reeds a0e348b0c3ab49b4a0f03c1bc74db78f.md,679,0,3,https://www.youtube.com/watch?v=9vsqFG826vw
import,/resources/equipment/reeds/quick-adjustments-guide/,quick-adjustments-guide,Quick Adjustments Guide,equipment,1bf247c205914693be89fb90c6ea49c2,Home/Saxophone Reeds/Adjusting Saxophone Reeds/Quick Adjustments Guide 1bf247c205914693be89fb90c6ea49c2.md,1784,1,0,
import,/resources/equipment/reeds/reed-strength-charts/,reed-strength-charts,Reed Strength Charts,equipment,526dfe08b6c0464591489c6727579849,Home/Saxophone Reeds/Reed Strength Charts 526dfe08b6c0464591489c6727579849.md,513,5,0,
import,/resources/equipment/reeds/stop-wasting-money-on-reeds-tips-for-new-saxophone-reeds/,stop-wasting-money-on-reeds-tips-for-new-saxophone-reeds,Stop Wasting Money on Reeds: tips for new saxophone reeds by Joshua Mlodzianowski,equipment,3a14c7d7d8ce48a4b17015cef720a8cf,Home/Saxophone Reeds/Stop Wasting Money on Reeds tips for new saxophone 3a14c7d7d8ce48a4b17015cef720a8cf.md,7012,0,3,https://www.joshonthatsax.com/blog/stop-waisting-money-on-reeds
import,/resources/equipment/reeds/summary-of-dr-youngs-method/,summary-of-dr-youngs-method,Summary of Dr. Young's Method,equipment,a0b1f1bc3cc64876acbc7a26a19b5898,Home/Saxophone Reeds/Breaking in and Storing Reeds/Summary of Dr Young's Method a0b1f1bc3cc64876acbc7a26a19b5898.md,372,0,0,
import,/resources/equipment/reeds/the-alexander-method/,the-alexander-method,The Alexander Method,equipment,53ea78afc5de4004be0c4caee9c44edb,Home/Saxophone Reeds/Breaking in and Storing Reeds/The Alexander Method 53ea78afc5de4004be0c4caee9c44edb.md,7181,0,3,http://www.superial.com/mainten_breakin.html
import,/resources/equipment/reeds/why-good-reeds-go-bad/,why-good-reeds-go-bad,Why Good Reeds Go Bad by Pete Spitzer,equipment,68239429c9764662a810b68f7b494d13,Home/Saxophone Reeds/Adjusting Saxophone Reeds/Why Good Reeds Go Bad by Pete Spitzer 68239429c9764662a810b68f7b494d13.md,7148,0,9,https://peterspitzer.blogspot.com/2013/01/why-good-reeds-go-bad.html
import,/resources/equipment/saxophone-brands-and-models/,saxophone-brands-and-models,Saxophone Brands and Models,equipment,d92a4a28c0dd4aef8f0e2bcff72c31aa,Home/Saxophone Brands and Models d92a4a28c0dd4aef8f0e2bcff72c31aa.md,2180,0,8,https://www.amazon.com/Yamaha-YAS-875EXII-Custom-Saxophone-Lacquer/dp/B0164S4TG2?tag=timothyrosenb-20
import,/resources/equipment/saxophone-ligatures/,saxophone-ligatures,Saxophone Ligatures,equipment,817b9e7cdd55495588d198d950f7948e,Home/Saxophone Ligatures 817b9e7cdd55495588d198d950f7948e.md,4649,7,9,https://www.amazon.com/Vandoren-LC07P-Ligature-Saxophone-Interchangeable/dp/B000BAQS3C/ref=sr_1_1?tag=timothyrosenb-20
import,/resources/equipment/saxophone-neck-straps-harnesses/,saxophone-neck-straps-harnesses,Saxophone Neck Straps & Harnesses,equipment,a94697d7f6ee4b5aa8e74ed6bc6a98cc,Home/Saxophone Neck Straps & Harnesses a94697d7f6ee4b5aa8e74ed6bc6a98cc.md,2642,0,15,https://www.musicmedic.com/catalog/product/view/id/495/s/cebulla-saxophone-neck-strap/
import,/resources/etudes/,,Etudes & Studies for Teaching,etude list,17d5a3ec5321804392c5dbf7c6607d39,Home/Etudes & Studies for Teaching 17d5a3ec5321804392c5dbf7c6607d39.md,146,0,0,
import,/resources/etudes/27-melodious-and-rhythmical-exercises-no-1/,27-melodious-and-rhythmical-exercises-no-1,27 Melodious and Rhythmical Exercises - No. 1,etude list,17d5a3ec5321805db593fb34a6391d62,Home/Etudes & Studies for Teaching/27 Melodious and Rhythmical Exercises - No 1 17d5a3ec5321805db593fb34a6391d62.md,229,0,0,
import,/resources/etudes/27-virtuoso-studies-no-1/,27-virtuoso-studies-no-1,27 Virtuoso Studies - No. 1,etude list,17d5a3ec53218096ac3efd565c4d7dfb,Home/Etudes & Studies for Teaching/27 Virtuoso Studies - No 1 17d5a3ec53218096ac3efd565c4d7dfb.md,185,0,0,
import,/resources/etudes/28-etudes-on-the-modes-of-limited-transposition/,28-etudes-on-the-modes-of-limited-transposition,28 Etudes on the Modes of Limited Transposition by Olivier Messiaen - No. 1 & 2,etude list,17d5a3ec532180ed9c35f5711f040776,Home/Etudes & Studies for Teaching/28 Etudes on the Modes of Limited Transposition by 17d5a3ec532180ed9c35f5711f040776.md,252,0,0,
import,/resources/etudes/50-easy-and-progressive-studies-no-2/,50-easy-and-progressive-studies-no-2,50 Easy and Progressive Studies - No. 2,etude list,17d5a3ec53218044be4cc942dc09f5f8,Home/Etudes & Studies for Teaching/50 Easy and Progressive Studies - No 2 17d5a3ec53218044be4cc942dc09f5f8.md,203,0,0,
import,/resources/etudes/50-easy-and-progressive-studies-no-26/,50-easy-and-progressive-studies-no-26,50 Easy and Progressive Studies - No. 26,etude list,17d5a3ec532180f68175dd2e19aa4e19,Home/Etudes & Studies for Teaching/50 Easy and Progressive Studies - No 26 17d5a3ec532180f68175dd2e19aa4e19.md,198,0,0,
import,/resources/etudes/articulation-exercise/,articulation-exercise,Articulation Exercise,etude list,17d5a3ec532180d8a5efd947f18b1a6c,Home/Etudes & Studies for Teaching/Articulation Exercise 17d5a3ec532180d8a5efd947f18b1a6c.md,171,0,0,
import,/resources/saxophone-music-publishers/,saxophone-music-publishers,Saxophone Music Publishers,resource,32a5a3ec532180bb9cadc948cd9f9848,Home/Saxophone Music Publishers 32a5a3ec532180bb9cadc948cd9f9848.md,928,0,5,https://www.newconsonantmusic.com/
import,/resources/the-ferling-project/,the-ferling-project,The Ferling Project,resource,920314b3112b4df9935b4e36d869d60f,Home/The Ferling Project 920314b3112b4df9935b4e36d869d60f.md,9550,0,50,https://www.youtube.com/channel/UCe4h3w4Xgf1sXBDjxfH7jKg/videos
import,/resources/the-scale-series/,the-scale-series,The Scale Series,resource,f9f85d0fb4ad408abe282b12902b0db4,Home/The Scale Series f9f85d0fb4ad408abe282b12902b0db4.md,1036,0,0,
private,,,Afterimage,personal,b3c322f91d2b448d9a372ffe04dd0226,New Pieces to Play/Afterimage b3c322f91d2b448d9a372ffe04dd0226.md,150,0,0,
private,,,Alfred University,personal,aef81108dfd24c92a90bf3d2cd439f97,Saxophone Job Applications/Alfred University aef81108dfd24c92a90bf3d2cd439f97.md,152,0,0,
private,,,An Interrupted Endless Melody,personal,13659ff1e42e4cb889b6fc76f51b5457,New Pieces to Play/An Interrupted Endless Melody 13659ff1e42e4cb889b6fc76f51b5457.md,302,0,0,
private,,,Arkansas Tech University,personal,d7d9c820e6dc46ba8310acc95e5c1c8c,Saxophone Job Applications/Arkansas Tech University d7d9c820e6dc46ba8310acc95e5c1c8c.md,156,0,0,
private,,,Armstrong State University,personal,0e9cb795e9b8413282dda6137f5af87b,Saxophone Job Applications/Armstrong State University 0e9cb795e9b8413282dda6137f5af87b.md,193,0,0,
private,,,Aubade,personal,de38838c6a5449fbab4092c15d634719,New Pieces to Play/Aubade de38838c6a5449fbab4092c15d634719.md,314,0,0,
private,,,Auburn University,personal,3b26e708f20c4722b834ff327e42bc13,Saxophone Job Applications/Auburn University 3b26e708f20c4722b834ff327e42bc13.md,158,0,0,
private,,,Baldwin Wallace University,personal,8cf3a5e6b9f841d19bb437e8af93e9cb,Saxophone Job Applications/Baldwin Wallace University 8cf3a5e6b9f841d19bb437e8af93e9cb.md,211,0,0,
private,,,Baldwin Wallace University,personal,b79beeeddd8d4b5e9415fbad5fbc9b9b,Saxophone Job Applications/Baldwin Wallace University b79beeeddd8d4b5e9415fbad5fbc9b9b.md,211,0,0,
private,,,Ball State University,personal,0d3e26025c4a4a91b8a3d4815607b527,Saxophone Job Applications/Ball State University 0d3e26025c4a4a91b8a3d4815607b527.md,162,0,0,
private,,,Baylor University,personal,10c5a3ec5321806dacc4d86ca053b408,Saxophone Job Applications/Baylor University 10c5a3ec5321806dacc4d86ca053b408.md,182,0,0,
private,,,Boise State University,personal,b207821db4254cfda2ad5cc99653d837,Saxophone Job Applications/Boise State University b207821db4254cfda2ad5cc99653d837.md,167,0,0,
private,,,Brandon University,personal,a81a18021a804424b81514bdec811d79,Saxophone Job Applications/Brandon University a81a18021a804424b81514bdec811d79.md,151,0,0,
private,,,Casper College,personal,1d27f52001e342e4bab7f085076e1b6f,Saxophone Job Applications/Casper College 1d27f52001e342e4bab7f085076e1b6f.md,175,0,0,
private,,,Chinese Ancient Dances,personal,7625690a35ac41f4bda203cc839dc252,New Pieces to Play/Chinese Ancient Dances 7625690a35ac41f4bda203cc839dc252.md,112,0,0,
private,,,Clouds,personal,c30cda1711bf458f9e6b5e0c95484a4d,New Pieces to Play/Clouds c30cda1711bf458f9e6b5e0c95484a4d.md,227,0,0,
private,,,Columbus State University,personal,c98e706ede914630bcefc13ce2f3f642,Saxophone Job Applications/Columbus State University c98e706ede914630bcefc13ce2f3f642.md,170,0,0,
private,,,D(i)agon(als),personal,dd0b4b8263054753b6badd683898294d,New Pieces to Play/D(i)agon(als) dd0b4b8263054753b6badd683898294d.md,187,0,0,
private,,,Digital,personal,0b7fa668e63e4e458e850391ea5914ef,New Pieces to Play/Digital 0b7fa668e63e4e458e850391ea5914ef.md,85,0,0,
private,,,Dun matin de printemps,personal,7434302d4bea4b9eaa0f5df89ea2920a,New Pieces to Play/Dun matin de printemps 7434302d4bea4b9eaa0f5df89ea2920a.md,329,0,0,
private,,,Eastern Washington University,personal,00a441325fb949819ddb28055814af9c,Saxophone Job Applications/Eastern Washington University 00a441325fb949819ddb28055814af9c.md,182,0,0,
private,,,Eastern Washington University,personal,b26d2a996a7d437891f29f213d53859f,Saxophone Job Applications/Eastern Washington University b26d2a996a7d437891f29f213d53859f.md,178,0,0,
private,,,Flash,personal,bce0b68cfb544434ab06ac8d2aae8415,New Pieces to Play/Flash bce0b68cfb544434ab06ac8d2aae8415.md,175,0,0,
private,,,Florida State University,personal,27f438eb10644020a7937f6b6f44bee5,Saxophone Job Applications/Florida State University 27f438eb10644020a7937f6b6f44bee5.md,181,0,0,
private,,,Florida State University,personal,448ab5034aee478c99f6156c48dd8686,Saxophone Job Applications/Florida State University 448ab5034aee478c99f6156c48dd8686.md,167,0,0,
private,,,Frostburg State University,personal,b481aed8a30c414ba909723d0afd2662,Saxophone Job Applications/Frostburg State University b481aed8a30c414ba909723d0afd2662.md,170,0,0,
private,,,Gradient,personal,c402ce57392a431094eb98f5de3282d2,New Pieces to Play/Gradient c402ce57392a431094eb98f5de3282d2.md,244,0,0,
private,,,Hardin-Simmons University,personal,b2e42e32bab24c96a0d3077484474a5f,Saxophone Job Applications/Hardin-Simmons University b2e42e32bab24c96a0d3077484474a5f.md,144,0,0,
private,,,Heater,personal,96dc403017ea4086be35ab1bc9acc8bf,New Pieces to Play/Heater 96dc403017ea4086be35ab1bc9acc8bf.md,97,0,0,
private,,,Hikari,personal,5c435494ec9548e6b91012161626523e,New Pieces to Play/Hikari 5c435494ec9548e6b91012161626523e.md,104,0,0,
private,,,Idaho State University,personal,2455d4970c944efc8ed92ea4b649ba8a,Saxophone Job Applications/Idaho State University 2455d4970c944efc8ed92ea4b649ba8a.md,165,0,0,
private,,,If (from the Diary of Anne Frank),personal,751edc6af4ef4f9eada0004ed0319347,New Pieces to Play/If (from the Diary of Anne Frank) 751edc6af4ef4f9eada0004ed0319347.md,135,0,0,
private,,,In Quiet Light,personal,79ec42f4e8d8425b809e0ec16bb59ebb,New Pieces to Play/In Quiet Light 79ec42f4e8d8425b809e0ec16bb59ebb.md,159,0,0,
private,,,In Transit,personal,713099fce2064357a7bff34a35b88713,New Pieces to Play/In Transit 713099fce2064357a7bff34a35b88713.md,218,0,0,
private,,,Incandescance,personal,831bad02508e4f25b1a01bdebc6345eb,New Pieces to Play/Incandescance 831bad02508e4f25b1a01bdebc6345eb.md,221,0,0,
private,,,Indiana University of Pennsylvania,personal,c9e44d0db522431cb025ce582fb50b86,Saxophone Job Applications/Indiana University of Pennsylvania c9e44d0db522431cb025ce582fb50b86.md,142,0,0,
private,,,Indiana University of Pennsylvania,personal,dcb24a40ffa148f28b00da069d95a724,Saxophone Job Applications/Indiana University of Pennsylvania dcb24a40ffa148f28b00da069d95a724.md,185,0,0,
private,,,Ithaca College,personal,05eacff0e9fd40f1bcb3b983cb66f6bb,Saxophone Job Applications/Ithaca College 05eacff0e9fd40f1bcb3b983cb66f6bb.md,171,0,0,
private,,,Ithaca College,personal,bf1fd75fa21243699e2f6af9769e1191,Saxophone Job Applications/Ithaca College bf1fd75fa21243699e2f6af9769e1191.md,148,0,0,
private,,,Jacksonville State University,personal,c76c123af5ba4e0b99af7eec5f2b8dec,Saxophone Job Applications/Jacksonville State University c76c123af5ba4e0b99af7eec5f2b8dec.md,225,0,0,
private,,,Kaskaskia College,personal,27731d03fd324a929e85125f281a9401,Saxophone Job Applications/Kaskaskia College 27731d03fd324a929e85125f281a9401.md,112,0,0,
private,,,La Frene Egare,personal,e2d9d8ecf59645c0afa91f15aa4f5856,New Pieces to Play/La Frene Egare e2d9d8ecf59645c0afa91f15aa4f5856.md,95,0,0,
private,,,Lessons of the Sky,personal,45a647e6f6124cc8befc0e6f0c16beee,New Pieces to Play/Lessons of the Sky 45a647e6f6124cc8befc0e6f0c16beee.md,317,0,0,
private,,,Library,personal,6665a3ec532182228e8d0123ab3be732,./Library 6665a3ec532182228e8d0123ab3be732.md,68,0,0,
private,,,Lineamenti,personal,e11f9a08f4974ba888738c0648e58db3,New Pieces to Play/Lineamenti e11f9a08f4974ba888738c0648e58db3.md,164,0,0,
private,,,Lines,personal,e01b974bbb53470e9efb38ff8da8eab5,New Pieces to Play/Lines e01b974bbb53470e9efb38ff8da8eab5.md,90,0,0,
private,,,Longwood University,personal,13d7bb02abc542849f73be25844e382b,Saxophone Job Applications/Longwood University 13d7bb02abc542849f73be25844e382b.md,115,0,0,
private,,,Louange à l’Eternité de Jésus,personal,a785ddd15cf64f6e817aea10b240f2bb,New Pieces to Play/Louange à l’Eternité de Jésus a785ddd15cf64f6e817aea10b240f2bb.md,134,0,0,
private,,,Louisiana State University,personal,b7f5b2cb55bf431eb3988a6c41420192,Saxophone Job Applications/Louisiana State University b7f5b2cb55bf431eb3988a6c41420192.md,197,0,0,
private,,,Lutte,personal,5973835059e4440e8bda11037e1493d5,New Pieces to Play/Lutte 5973835059e4440e8bda11037e1493d5.md,170,0,0,
private,,,Magheia,personal,f2f79fc6e86e436abf587f9024fbc92e,New Pieces to Play/Magheia f2f79fc6e86e436abf587f9024fbc92e.md,87,0,0,
private,,,Maha Mantras,personal,5448e5279ea742d8aea56cf7665f4465,New Pieces to Play/Maha Mantras 5448e5279ea742d8aea56cf7665f4465.md,214,0,0,
private,,,Melbourne Sonata,personal,066c755c384744a3b2c2f99d1d816c70,New Pieces to Play/Melbourne Sonata 066c755c384744a3b2c2f99d1d816c70.md,120,0,0,
private,,,Metropolitan State University of Denver,personal,1e35a3ec53218010bc89ed0c6a866711,Saxophone Job Applications/Metropolitan State University of Denver 1e35a3ec53218010bc89ed0c6a866711.md,155,0,0,
private,,,Midwestern State University,personal,20802585bf714d349c84ec28cb4eb235,Saxophone Job Applications/Midwestern State University 20802585bf714d349c84ec28cb4eb235.md,173,0,0,
private,,,Monster Studies,personal,249811fe41c64323b147b58f3fa414a9,New Pieces to Play/Monster Studies 249811fe41c64323b147b58f3fa414a9.md,116,0,0,
private,,,Morehead State University,personal,bcb732b62f154dcc9ad6c9ef15aa7301,Saxophone Job Applications/Morehead State University bcb732b62f154dcc9ad6c9ef15aa7301.md,39,0,0,
private,,,Morehead State Universtiy,personal,100e5776e28240708dfb2473480f8a9d,Saxophone Job Applications/Morehead State Universtiy 100e5776e28240708dfb2473480f8a9d.md,112,0,0,
private,,,My Tasks,personal,b1595331fafc46348ff97fb21fdd85ed,Home 9f09-4604/My Tasks b1595331fafc46348ff97fb21fdd85ed.md,73,0,0,
private,,,Mythimna Twilight,personal,7c2dfac3ed4645e384d3ea021550b70e,New Pieces to Play/Mythimna Twilight 7c2dfac3ed4645e384d3ea021550b70e.md,190,0,0,
private,,,Neon Flicker,personal,c3595613d5214430a1e37102ba2eb56e,New Pieces to Play/Neon Flicker c3595613d5214430a1e37102ba2eb56e.md,177,0,0,
private,,,Netherland,personal,cc1e77379bd04b8387719f698d05162e,New Pieces to Play/Netherland cc1e77379bd04b8387719f698d05162e.md,279,0,0,
private,,,New Pieces to Play,personal,8b4b574c3445472880ded0fd0d67c0dc,./New Pieces to Play 8b4b574c3445472880ded0fd0d67c0dc.md,139,0,0,
private,,,Nicholls State University,personal,1f890ef141cb44478f8bed2f5a1ecf7e,Saxophone Job Applications/Nicholls State University 1f890ef141cb44478f8bed2f5a1ecf7e.md,158,0,0,
private,,,Northeastern University,personal,00bb777f517e460ab294bf4740527446,Saxophone Job Applications/Northeastern University 00bb777f517e460ab294bf4740527446.md,166,0,0,
private,,,Northwestern University,personal,97430a43ad1949f99143f539ae6ce86f,Saxophone Job Applications/Northwestern University 97430a43ad1949f99143f539ae6ce86f.md,168,0,0,
private,,,Nucleus,personal,ae1bed5989864593a140bb5a9be5d9fc,New Pieces to Play/Nucleus ae1bed5989864593a140bb5a9be5d9fc.md,243,0,0,
private,,,Oakland University,personal,e08f4963f7964d65a391b9808cc472fe,Saxophone Job Applications/Oakland University e08f4963f7964d65a391b9808cc472fe.md,257,0,0,
private,,,Ost-atem,personal,d0c412f4b6254ec7bf3b924bc403064e,New Pieces to Play/Ost-atem d0c412f4b6254ec7bf3b924bc403064e.md,211,0,0,
private,,,Penelope’s Song,personal,b1c8e202acdb423b8e77c13c55752494,New Pieces to Play/Penelope’s Song b1c8e202acdb423b8e77c13c55752494.md,190,0,0,
private,,,Penn State Hazleton,personal,58a343a30a73455d9f2ec9730a986cb6,Saxophone Job Applications/Penn State Hazleton 58a343a30a73455d9f2ec9730a986cb6.md,159,0,0,
private,,,People,personal,d3d5a3ec532182dfb0d8014512d331ec,./People d3d5a3ec532182dfb0d8014512d331ec.md,119,0,0,
private,,,Pieces I Know,personal,d214271661de43e78bad240133009508,./Pieces I Know d214271661de43e78bad240133009508.md,98,0,0,
private,,,Pieces from Saxophone Database to Play,personal,e59e5093ba7a448eb2c4e5d96190a190,./Pieces from Saxophone Database to Play e59e5093ba7a448eb2c4e5d96190a190.md,123,0,0,
private,,,Polk State College,personal,e1831b4a195241958298fbc58cd265f3,Saxophone Job Applications/Polk State College e1831b4a195241958298fbc58cd265f3.md,113,0,0,
private,,,Postmark,personal,8789098922124884867c39722e1d5d7c,New Pieces to Play/Postmark 8789098922124884867c39722e1d5d7c.md,195,0,0,
private,,,Random Access,personal,2b0afcda9f5a41588abd33d74924443b,New Pieces to Play/Random Access 2b0afcda9f5a41588abd33d74924443b.md,136,0,0,
private,,,SPP,personal,da3dc16389d04cd5bff6bd8c2976ac29,New Pieces to Play/SPP da3dc16389d04cd5bff6bd8c2976ac29.md,96,0,0,
private,,,SUNY Potsdam,personal,351a2ba64fad4e85a09712d37addf78e,Saxophone Job Applications/SUNY Potsdam 351a2ba64fad4e85a09712d37addf78e.md,141,0,0,
private,,,SUNY Potsdam,personal,7b031828f5654de891f1478f3b956efc,Saxophone Job Applications/SUNY Potsdam 7b031828f5654de891f1478f3b956efc.md,143,0,0,
private,,,SUNY Purchase,personal,d684a84ccbc442dd9910da9777c71373,Saxophone Job Applications/SUNY Purchase d684a84ccbc442dd9910da9777c71373.md,103,0,0,
private,,,Sakana,personal,35a857bbb95847ed9967d6b5fdb8cee3,New Pieces to Play/Sakana 35a857bbb95847ed9967d6b5fdb8cee3.md,240,0,0,
private,,,Sam Houston State University,personal,e4f71673e1594da6999dc31ed0e92c7c,Saxophone Job Applications/Sam Houston State University e4f71673e1594da6999dc31ed0e92c7c.md,236,0,0,
private,,,San Francisco Conservatory of Music,personal,7f18c45381974c0089a469965018ad82,Saxophone Job Applications/San Francisco Conservatory of Music 7f18c45381974c0089a469965018ad82.md,199,0,0,
private,,,San José State University,personal,2bbbd6db68404a6ebceaa2798656c6c1,Saxophone Job Applications/San José State University 2bbbd6db68404a6ebceaa2798656c6c1.md,228,0,0,
private,,,San Mateo Community College,personal,864a72972fb747cda7c394b81cb2035d,Saxophone Job Applications/San Mateo Community College 864a72972fb747cda7c394b81cb2035d.md,203,0,0,
private,,,Santa Fe College,personal,0a1d3552fd9749f8a6ea0e043c43a0b7,Saxophone Job Applications/Santa Fe College 0a1d3552fd9749f8a6ea0e043c43a0b7.md,103,0,0,
private,,,Saxophone Job Applications,personal,41d7915f306e4240a27452281aa6f24b,./Saxophone Job Applications 41d7915f306e4240a27452281aa6f24b.md,157,0,0,
private,,,Saxteto,personal,24afb797b0fe46e0a2290e4263ee9bdd,New Pieces to Play/Saxteto 24afb797b0fe46e0a2290e4263ee9bdd.md,260,0,0,
private,,,Seminole State College,personal,9b1f1118686545f0be9a2ac1dc199576,Saxophone Job Applications/Seminole State College 9b1f1118686545f0be9a2ac1dc199576.md,171,0,0,
private,,,Shaping the Curve,personal,50c294f9bcfd4158bbc42d6831d70cfa,New Pieces to Play/Shaping the Curve 50c294f9bcfd4158bbc42d6831d70cfa.md,106,0,0,
private,,,Short Stories,personal,aa1fe0d1fb8f49df86bb01ffdadfd512,New Pieces to Play/Short Stories aa1fe0d1fb8f49df86bb01ffdadfd512.md,99,0,0,
private,,,Silent Crackdown,personal,3390ce4a30f1472885525c0008f320b7,New Pieces to Play/Silent Crackdown 3390ce4a30f1472885525c0008f320b7.md,192,0,0,
private,,,Simpson College,personal,13d52f9e8c95459cbd24157305bd11f3,Saxophone Job Applications/Simpson College 13d52f9e8c95459cbd24157305bd11f3.md,226,0,0,
private,,,Solo,personal,cf6c823d2f3544a3acabbdfedf1c7945,New Pieces to Play/Solo cf6c823d2f3544a3acabbdfedf1c7945.md,330,0,0,
private,,,Sonata of Puzzles,personal,3bfa26a6410c4695bc15acddf47912a5,New Pieces to Play/Sonata of Puzzles 3bfa26a6410c4695bc15acddf47912a5.md,109,0,0,
private,,,"Sonata, Op. 166",personal,00f06e7958964699beb138f43abbb258,"New Pieces to Play/Sonata, Op 166 00f06e7958964699beb138f43abbb258.md",281,0,0,
private,,,Southeastern Louisiana University,personal,2ca15fc0bbd3485bbe1a1e85419209bd,Saxophone Job Applications/Southeastern Louisiana University 2ca15fc0bbd3485bbe1a1e85419209bd.md,184,0,0,
private,,,Southwestern Oklahoma State University,personal,0c6174bb63f04f3c8ed4ae170526a747,Saxophone Job Applications/Southwestern Oklahoma State University 0c6174bb63f04f3c8ed4ae170526a747.md,237,0,0,
private,,,Southwestern Oklahoma State University,personal,1e72d8b840ff4088bd5a875bfde0e45c,Saxophone Job Applications/Southwestern Oklahoma State University 1e72d8b840ff4088bd5a875bfde0e45c.md,193,0,0,
private,,,St. Petersburg College,personal,8204bf5e82bb425c822be50caab377bc,Saxophone Job Applications/St Petersburg College 8204bf5e82bb425c822be50caab377bc.md,80,0,0,
private,,,Still,personal,bc889be580e84930bdf5c32abcf08d50,New Pieces to Play/Still bc889be580e84930bdf5c32abcf08d50.md,88,0,0,
private,,,Strata,personal,f00a05bcff2c4315b9b06e36aff0ad88,New Pieces to Play/Strata f00a05bcff2c4315b9b06e36aff0ad88.md,205,0,0,
private,,,Syracuse University,personal,9e6a8b6aa48b44dca3eb8268563c2747,Saxophone Job Applications/Syracuse University 9e6a8b6aa48b44dca3eb8268563c2747.md,197,0,0,
private,,,Tachyonic Ripples,personal,1ac23cc8b74a495a96cf302eaff4f719,New Pieces to Play/Tachyonic Ripples 1ac23cc8b74a495a96cf302eaff4f719.md,255,0,0,
private,,,Tangled Loops,personal,11783f09b4234ccdafe73b084c483d2a,New Pieces to Play/Tangled Loops 11783f09b4234ccdafe73b084c483d2a.md,102,0,0,
private,,,Tengu-maï,personal,aa9171d84a134ebabe45d628dc0ba258,New Pieces to Play/Tengu-maï aa9171d84a134ebabe45d628dc0ba258.md,421,0,0,
private,,,Tennessee Technical University,personal,aabf2a8a1cda4d6c9718baf69df7cd99,Saxophone Job Applications/Tennessee Technical University aabf2a8a1cda4d6c9718baf69df7cd99.md,184,0,0,
private,,,Texas A&M University Kingsville,personal,45a7b133fa6546df809612b64c9f09b2,Saxophone Job Applications/Texas A&M University Kingsville 45a7b133fa6546df809612b64c9f09b2.md,91,0,0,
private,,,Texas State University,personal,300fc67d5e2c4e809ad8e274de335ac7,Saxophone Job Applications/Texas State University 300fc67d5e2c4e809ad8e274de335ac7.md,162,0,0,
private,,,"The Fall of the Empire, Act I: Angel Shoot",personal,921f6bf169ca424e85b525c50ef9f8b9,"New Pieces to Play/The Fall of the Empire, Act I Angel Shoot 921f6bf169ca424e85b525c50ef9f8b9.md",322,0,0,
private,,,The Green Ray,personal,aefca753985949068fcbb24ce8bd7ab1,New Pieces to Play/The Green Ray aefca753985949068fcbb24ce8bd7ab1.md,104,0,0,
private,,,The Straight Line,personal,970b057176c04668afe2b1d02bd3a318,New Pieces to Play/The Straight Line 970b057176c04668afe2b1d02bd3a318.md,171,0,0,
private,,,Tim Rosenberg,personal,f905a3ec532182928b5e01d30df68d92,People/Tim Rosenberg f905a3ec532182928b5e01d30df68d92.md,101,0,0,
private,,,Troy University,personal,d7eadca06039464db6dde262dc375b56,Saxophone Job Applications/Troy University d7eadca06039464db6dde262dc375b56.md,149,0,0,
private,,,Truman State University,personal,66d817fcc9e54096be228443aaced079,Saxophone Job Applications/Truman State University 66d817fcc9e54096be228443aaced079.md,160,0,0,
private,,,UCLA,personal,f073c730773144189e8857bef10d95e9,Saxophone Job Applications/UCLA f073c730773144189e8857bef10d95e9.md,130,0,0,
private,,,University of Arizona,personal,31a0cb2440944157b5a90d2f61e0e0c6,Saxophone Job Applications/University of Arizona 31a0cb2440944157b5a90d2f61e0e0c6.md,162,0,0,
private,,,University of Arkansas,personal,7b055a2cca5c468798ccec699e3e774b,Saxophone Job Applications/University of Arkansas 7b055a2cca5c468798ccec699e3e774b.md,163,0,0,
private,,,University of Arkansas - Little Rock,personal,5b97b770bc7742cbb52a58748850e866,Saxophone Job Applications/University of Arkansas - Little Rock 5b97b770bc7742cbb52a58748850e866.md,164,0,0,
private,,,University of Central Arkansas,personal,ee409055d48148ad9702a354e793a16a,Saxophone Job Applications/University of Central Arkansas ee409055d48148ad9702a354e793a16a.md,181,0,0,
private,,,University of Florida,personal,3b9d5bcb7bd4437abf501ecb695770eb,Saxophone Job Applications/University of Florida 3b9d5bcb7bd4437abf501ecb695770eb.md,193,0,0,
private,,,University of Georgia,personal,1441a2ea1275433eb14c8884c31022a7,Saxophone Job Applications/University of Georgia 1441a2ea1275433eb14c8884c31022a7.md,164,0,0,
private,,,University of Georgia,personal,f57f18a21fb2473281d54294374bc328,Saxophone Job Applications/University of Georgia f57f18a21fb2473281d54294374bc328.md,183,0,0,
private,,,University of Georgia,personal,f960ce6ba1ad4ce7832aa51710b0d5cf,Saxophone Job Applications/University of Georgia f960ce6ba1ad4ce7832aa51710b0d5cf.md,161,0,0,
private,,,University of Hartford,personal,c2017a029a054f8993f81b36afccf3c2,Saxophone Job Applications/University of Hartford c2017a029a054f8993f81b36afccf3c2.md,165,0,0,
private,,,University of Idaho,personal,e28a6215d2c14a239eaaf0864aa77ee1,Saxophone Job Applications/University of Idaho e28a6215d2c14a239eaaf0864aa77ee1.md,158,0,0,
private,,,University of Mary,personal,f678e42c6d9d4e7792da3525fc58f757,Saxophone Job Applications/University of Mary f678e42c6d9d4e7792da3525fc58f757.md,155,0,0,
private,,,University of Massachusetts,personal,6d4d8e38416a4331b1e47c8a986baa76,Saxophone Job Applications/University of Massachusetts 6d4d8e38416a4331b1e47c8a986baa76.md,93,0,0,
private,,,University of Memphis,personal,a712cabc25c74fbb84456137b359ec20,Saxophone Job Applications/University of Memphis a712cabc25c74fbb84456137b359ec20.md,192,0,0,
private,,,University of Missouri Kansas City,personal,55ae1427297a4447b618b2a53e53819c,Saxophone Job Applications/University of Missouri Kansas City 55ae1427297a4447b618b2a53e53819c.md,185,0,0,
private,,,University of North Carolina Greensboro,personal,1e35a3ec532180b9a155f61fa90775a3,Saxophone Job Applications/University of North Carolina Greensboro 1e35a3ec532180b9a155f61fa90775a3.md,222,0,0,
private,,,University of North Carolina School of the Arts,personal,7b438e41669c401486598c022e62eb9f,Saxophone Job Applications/University of North Carolina School of the Arts 7b438e41669c401486598c022e62eb9f.md,213,0,0,
private,,,University of North Carolina Wilmington,personal,79ee8759c14b446ba5f7b5453c0856ff,Saxophone Job Applications/University of North Carolina Wilmington 79ee8759c14b446ba5f7b5453c0856ff.md,200,0,0,
private,,,University of North Dakota,personal,b082e63aaff246cf9a6cb759080df07a,Saxophone Job Applications/University of North Dakota b082e63aaff246cf9a6cb759080df07a.md,173,0,0,
private,,,University of Northern Alabama,personal,1f1782a8a03c49efa0e1222f49b11111,Saxophone Job Applications/University of Northern Alabama 1f1782a8a03c49efa0e1222f49b11111.md,209,0,0,
private,,,University of Northern Iowa,personal,b81335fff1d24812bcd981d5663cad1a,Saxophone Job Applications/University of Northern Iowa b81335fff1d24812bcd981d5663cad1a.md,174,0,0,
private,,,University of Oklahoma,personal,183165efdec2427bb6b50ee93c9578f6,Saxophone Job Applications/University of Oklahoma 183165efdec2427bb6b50ee93c9578f6.md,166,0,0,
private,,,University of Oklahoma,personal,b9aae719494e4bdfbd10f032100a69f0,Saxophone Job Applications/University of Oklahoma b9aae719494e4bdfbd10f032100a69f0.md,212,0,0,
private,,,University of Southern California,personal,293b68e74b764af891b87ac5ef037cbc,Saxophone Job Applications/University of Southern California 293b68e74b764af891b87ac5ef037cbc.md,189,0,0,
private,,,University of Southern Mississippi,personal,c194347b9cee48ef9e3bba4a5f6309d6,Saxophone Job Applications/University of Southern Mississippi c194347b9cee48ef9e3bba4a5f6309d6.md,233,0,0,
private,,,University of Tennessee,personal,fe7e51c6eb6b4b63a4165a818106ca1a,Saxophone Job Applications/University of Tennessee fe7e51c6eb6b4b63a4165a818106ca1a.md,166,0,0,
private,,,University of Wisconsin - Eau Claire,personal,3f900a610a904dbfa104fa99fb2da6d3,Saxophone Job Applications/University of Wisconsin - Eau Claire 3f900a610a904dbfa104fa99fb2da6d3.md,199,0,0,
private,,,University of Wisconsin - Eau Claire,personal,5749712d918348edb1a6719eb1ea2d32,Saxophone Job Applications/University of Wisconsin - Eau Claire 5749712d918348edb1a6719eb1ea2d32.md,147,0,0,
private,,,University of Wisconsin - Eau Claire,personal,f5fe377de15f4eeaa955043cd49b7664,Saxophone Job Applications/University of Wisconsin - Eau Claire f5fe377de15f4eeaa955043cd49b7664.md,193,0,0,
private,,,University of Wisconsin - Madison,personal,62cc30d9f40248bab4f08e3e44d8bd7c,Saxophone Job Applications/University of Wisconsin - Madison 62cc30d9f40248bab4f08e3e44d8bd7c.md,266,0,0,
private,,,University of Wisconsin - Millwaukee,personal,e884df03840c49e8a495f09e19de6165,Saxophone Job Applications/University of Wisconsin - Millwaukee e884df03840c49e8a495f09e19de6165.md,189,0,0,
private,,,University of Wisconsin - Oshkosh,personal,debcccb8f6ac43c4bfa595668643c630,Saxophone Job Applications/University of Wisconsin - Oshkosh debcccb8f6ac43c4bfa595668643c630.md,185,0,0,
private,,,University of Wisconsin - Stevens Point,personal,64218775c47242cfbe1480706a2478fc,Saxophone Job Applications/University of Wisconsin - Stevens Point 64218775c47242cfbe1480706a2478fc.md,200,0,0,
private,,,Untitled,personal,1dc5a3ec532180698dd9c42caf2cf94e,./Untitled 1dc5a3ec532180698dd9c42caf2cf94e.md,10,0,0,
private,,,Untitled,personal,d5f5a3ec53218243899681cf4fe0cac2,./Untitled d5f5a3ec53218243899681cf4fe0cac2.md,71,0,0,
private,,,Virginia Tech University,personal,43e4495f6c3f4241831333d923769ac2,Saxophone Job Applications/Virginia Tech University 43e4495f6c3f4241831333d923769ac2.md,168,0,0,
private,,,West Virginia University,personal,352d30d39b5d466f913152b8ff9d7009,Saxophone Job Applications/West Virginia University 352d30d39b5d466f913152b8ff9d7009.md,202,0,0,
private,,,Western Illinois University,personal,edb9fa00617345debc292ab59cc1a007,Saxophone Job Applications/Western Illinois University edb9fa00617345debc292ab59cc1a007.md,204,0,0,
private,,,Why patterns?,personal,61f12b44ac1a4fe79051b3310bc4fdb7,New Pieces to Play/Why patterns 61f12b44ac1a4fe79051b3310bc4fdb7.md,116,0,0,
private,,,Winthrop University,personal,6ac7422affdd41b6a8ee2af65afac731,Saxophone Job Applications/Winthrop University 6ac7422affdd41b6a8ee2af65afac731.md,212,0,0,
private,,,r/evolution,personal,bf77014152ba47f49534fc4671f8689f,New Pieces to Play/r evolution bf77014152ba47f49534fc4671f8689f.md,140,0,0,
private,,,…sur un ilot de la riviere…,personal,5614700555fe4c15a8b4ec1b0636c70d,New Pieces to Play/…sur un ilot de la riviere… 5614700555fe4c15a8b4ec1b0636c70d.md,123,0,0,
view,,,Advanced Répertoire,database view,9988187a126d403692b2165dfc96ab34,Home/Advanced Répertoire 9988187a126d403692b2165dfc96ab34.md,444,0,0,
view,,,Alto Saxophone Répertoire,database view,6f713160d65741acbe8774ae24244b59,Home/Alto Saxophone Répertoire 6f713160d65741acbe8774ae24244b59.md,121,0,0,
view,,,Baritone Saxophone Répertoire,database view,f65cc36f8d854b33bc0f8fd94cd60fc3,Home/Baritone Saxophone Répertoire f65cc36f8d854b33bc0f8fd94cd60fc3.md,142,0,0,
view,,,Composers Database,database view,669900067c0546a9aa85804d210d2361,Home/Composers Database 669900067c0546a9aa85804d210d2361.md,131,0,0,
view,,,First-Year Répertoire,database view,3365a92dbf3546b1b530d2570cc083b6,Home/First-Year Répertoire 3365a92dbf3546b1b530d2570cc083b6.md,715,0,1,https://www.notion.so/saxowiki/The-Scale-Series-f9f85d0fb4ad408abe282b12902b0db4
view,,,Fourth-Year Répertoire,database view,0f3e3c3dd6ed452bb0150b4dc92880ae,Home/Fourth-Year Répertoire 0f3e3c3dd6ed452bb0150b4dc92880ae.md,515,0,0,
view,,,Home,database view,55be847cfb4e47b7bcf9bb18cca41321,./Home 55be847cfb4e47b7bcf9bb18cca41321.md,9640,1,7,https://www.nickmaysax.com/multis?fbclid=IwQ0xDSwLDeFtleHRuA2FlbQIxMQABHmvHDNVY8SCJFE0_kuVXxR2eR0wVhxcG4t5-T1dGFvGWI88Hv1hicBpHQrBM_aem_0pVSAvC5mqmY8xHjF3WNyg
view,,,Home,database view,9f0947195b0942699a1486f4b0e04604,./Home 9f0947195b0942699a1486f4b0e04604.md,332,0,0,
view,,,Home views,database view,a4d086e25bdb4ebf9a7cda706385e99f,./Home views a4d086e25bdb4ebf9a7cda706385e99f.md,81,0,0,
view,,,Home views,database view,ae939a65a70c4fe2bc335a448a415116,Home 9f09-4604/Home views ae939a65a70c4fe2bc335a448a415116.md,84,0,0,
view,,,Pre-College Répertoire,database view,d4edd527c5134f08b99893eb8342fa22,Home/Pre-College Répertoire d4edd527c5134f08b99893eb8342fa22.md,418,0,0,
view,,,Saxophone Recordings,database view,a55844778dd74a2c88dc0f831a5be949,Home/Saxophone Recordings a55844778dd74a2c88dc0f831a5be949.md,173,0,0,
view,,,Saxophone Répertoire Database,database view,d1340d4f48884df38d827265cccf23f8,Home/Saxophone Répertoire Database d1340d4f48884df38d827265cccf23f8.md,188,0,0,
view,,,Second-Year Répertoire,database view,ffb65d26d2354c3ea3aef06e873c6a9b,Home/Second-Year Répertoire ffb65d26d2354c3ea3aef06e873c6a9b.md,744,0,1,https://www.notion.so/saxowiki/The-Scale-Series-f9f85d0fb4ad408abe282b12902b0db4
view,,,Soprano Saxophone Répertoire,database view,712370cd98b1410997aabbb63222a8ed,Home/Soprano Saxophone Répertoire 712370cd98b1410997aabbb63222a8ed.md,171,0,0,
view,,,Tenor Saxophone Répertoire,database view,a0d3a2c3950b473db6e8c493015126d9,Home/Tenor Saxophone Répertoire a0d3a2c3950b473db6e8c493015126d9.md,292,0,0,
view,,,Third-Year Répertoire,database view,4ab33b8949e94e80947f218cbd8af764,Home/Third-Year Répertoire 4ab33b8949e94e80947f218cbd8af764.md,572,0,0,
view,,,Works Published Adolphe Sax,database view,28d5a3ec5321804ab54af69041242f27,Home/Works Published Adolphe Sax 28d5a3ec5321804ab54af69041242f27.md,113,0,0,
